Year,OBS_STATUS,UNIT_MULT,BASE_PER,COMMENT_OBS,SOURCE_DETAIL,SERIES,REF_AREA,COMPOSITE_BREAKDOWN,UNIT_MEASURE,DATA_LAST_UPDATE,TIME_DETAIL,Value
2000,A,6,2022,"Commitments by recipient country, in million USD at 2022 prices and exchange rates (using donor country deflators). The aggregated figures only include the historical list of developing countries with a few modifications to account for the shifting nature of international public finance.","DAC Statistics database, 2025, The Organisation for Economic Co-operation and Development (OECD) and IRENA Public Finance Database, 2025, The international Renewable Energy Agency (IRENA)",EG_IFF_RANDN,404,None,CON_USD,2025-03-14T00:00:00,2023,0.09
2001,A,6,2022,"Commitments by recipient country, in million USD at 2022 prices and exchange rates (using donor country deflators). The aggregated figures only include the historical list of developing countries with a few modifications to account for the shifting nature of international public finance.","DAC Statistics database, 2025, The Organisation for Economic Co-operation and Development (OECD) and IRENA Public Finance Database, 2025, The international Renewable Energy Agency (IRENA)",EG_IFF_RANDN,404,None,CON_USD,2025-03-14T00:00:00,2023,0.0
2002,A,6,2022,"Commitments by recipient country, in million USD at 2022 prices and exchange rates (using donor country deflators). The aggregated figures only include the historical list of developing countries with a few modifications to account for the shifting nature of international public finance.","DAC Statistics database, 2025, The Organisation for Economic Co-operation and Development (OECD) and IRENA Public Finance Database, 2025, The international Renewable Energy Agency (IRENA)",EG_IFF_RANDN,404,None,CON_USD,2025-03-14T00:00:00,2023,0.0
2003,A,6,2022,"Commitments by recipient country, in million USD at 2022 prices and exchange rates (using donor country deflators). The aggregated figures only include the historical list of developing countries with a few modifications to account for the shifting nature of international public finance.","DAC Statistics database, 2025, The Organisation for Economic Co-operation and Development (OECD) and IRENA Public Finance Database, 2025, The international Renewable Energy Agency (IRENA)",EG_IFF_RANDN,404,None,CON_USD,2025-03-14T00:00:00,2023,0.33
2004,A,6,2022,"Commitments by recipient country, in million USD at 2022 prices and exchange rates (using donor country deflators). The aggregated figures only include the historical list of developing countries with a few modifications to account for the shifting nature of international public finance.","DAC Statistics database, 2025, The Organisation for Economic Co-operation and Development (OECD) and IRENA Public Finance Database, 2025, The international Renewable Energy Agency (IRENA)",EG_IFF_RANDN,404,None,CON_USD,2025-03-14T00:00:00,2023,123.3
2005,A,6,2022,"Commitments by recipient country, in million USD at 2022 prices and exchange rates (using donor country deflators). The aggregated figures only include the historical list of developing countries with a few modifications to account for the shifting nature of international public finance.","DAC Statistics database, 2025, The Organisation for Economic Co-operation and Development (OECD) and IRENA Public Finance Database, 2025, The international Renewable Energy Agency (IRENA)",EG_IFF_RANDN,404,None,CON_USD,2025-03-14T00:00:00,2023,45.17
2006,A,6,2022,"Commitments by recipient country, in million USD at 2022 prices and exchange rates (using donor country deflators). The aggregated figures only include the historical list of developing countries with a few modifications to account for the shifting nature of international public finance.","DAC Statistics database, 2025, The Organisation for Economic Co-operation and Development (OECD) and IRENA Public Finance Database, 2025, The international Renewable Energy Agency (IRENA)",EG_IFF_RANDN,404,None,CON_USD,2025-03-14T00:00:00,2023,0.01
2007,A,6,2022,"Commitments by recipient country, in million USD at 2022 prices and exchange rates (using donor country deflators). The aggregated figures only include the historical list of developing countries with a few modifications to account for the shifting nature of international public finance.","DAC Statistics database, 2025, The Organisation for Economic Co-operation and Development (OECD) and IRENA Public Finance Database, 2025, The international Renewable Energy Agency (IRENA)",EG_IFF_RANDN,404,None,CON_USD,2025-03-14T00:00:00,2023,51.48
2008,A,6,2022,"Commitments by recipient country, in million USD at 2022 prices and exchange rates (using donor country deflators). The aggregated figures only include the historical list of developing countries with a few modifications to account for the shifting nature of international public finance.","DAC Statistics database, 2025, The Organisation for Economic Co-operation and Development (OECD) and IRENA Public Finance Database, 2025, The international Renewable Energy Agency (IRENA)",EG_IFF_RANDN,404,None,CON_USD,2025-03-14T00:00:00,2023,0.29
2009,A,6,2022,"Commitments by recipient country, in million USD at 2022 prices and exchange rates (using donor country deflators). The aggregated figures only include the historical list of developing countries with a few modifications to account for the shifting nature of international public finance.","DAC Statistics database, 2025, The Organisation for Economic Co-operation and Development (OECD) and IRENA Public Finance Database, 2025, The international Renewable Energy Agency (IRENA)",EG_IFF_RANDN,404,None,CON_USD,2025-03-14T00:00:00,2023,37.65
2010,A,6,2022,"Commitments by recipient country, in million USD at 2022 prices and exchange rates (using donor country deflators). The aggregated figures only include the historical list of developing countries with a few modifications to account for the shifting nature of international public finance.","DAC Statistics database, 2025, The Organisation for Economic Co-operation and Development (OECD) and IRENA Public Finance Database, 2025, The international Renewable Energy Agency (IRENA)",EG_IFF_RANDN,404,None,CON_USD,2025-03-14T00:00:00,2023,716.24
2011,A,6,2022,"Commitments by recipient country, in million USD at 2022 prices and exchange rates (using donor country deflators). The aggregated figures only include the historical list of developing countries with a few modifications to account for the shifting nature of international public finance.","DAC Statistics database, 2025, The Organisation for Economic Co-operation and Development (OECD) and IRENA Public Finance Database, 2025, The international Renewable Energy Agency (IRENA)",EG_IFF_RANDN,404,None,CON_USD,2025-03-14T00:00:00,2023,561.54
2012,A,6,2022,"Commitments by recipient country, in million USD at 2022 prices and exchange rates (using donor country deflators). The aggregated figures only include the historical list of developing countries with a few modifications to account for the shifting nature of international public finance.","DAC Statistics database, 2025, The Organisation for Economic Co-operation and Development (OECD) and IRENA Public Finance Database, 2025, The international Renewable Energy Agency (IRENA)",EG_IFF_RANDN,404,None,CON_USD,2025-03-14T00:00:00,2023,153.19
2013,A,6,2022,"Commitments by recipient country, in million USD at 2022 prices and exchange rates (using donor country deflators). The aggregated figures only include the historical list of developing countries with a few modifications to account for the shifting nature of international public finance.","DAC Statistics database, 2025, The Organisation for Economic Co-operation and Development (OECD) and IRENA Public Finance Database, 2025, The international Renewable Energy Agency (IRENA)",EG_IFF_RANDN,404,None,CON_USD,2025-03-14T00:00:00,2023,16.68
2014,A,6,2022,"Commitments by recipient country, in million USD at 2022 prices and exchange rates (using donor country deflators). The aggregated figures only include the historical list of developing countries with a few modifications to account for the shifting nature of international public finance.","DAC Statistics database, 2025, The Organisation for Economic Co-operation and Development (OECD) and IRENA Public Finance Database, 2025, The international Renewable Energy Agency (IRENA)",EG_IFF_RANDN,404,None,CON_USD,2025-03-14T00:00:00,2023,894.79
2015,A,6,2022,"Commitments by recipient country, in million USD at 2022 prices and exchange rates (using donor country deflators). The aggregated figures only include the historical list of developing countries with a few modifications to account for the shifting nature of international public finance.","DAC Statistics database, 2025, The Organisation for Economic Co-operation and Development (OECD) and IRENA Public Finance Database, 2025, The international Renewable Energy Agency (IRENA)",EG_IFF_RANDN,404,None,CON_USD,2025-03-14T00:00:00,2023,297.23
2016,A,6,2022,"Commitments by recipient country, in million USD at 2022 prices and exchange rates (using donor country deflators). The aggregated figures only include the historical list of developing countries with a few modifications to account for the shifting nature of international public finance.","DAC Statistics database, 2025, The Organisation for Economic Co-operation and Development (OECD) and IRENA Public Finance Database, 2025, The international Renewable Energy Agency (IRENA)",EG_IFF_RANDN,404,None,CON_USD,2025-03-14T00:00:00,2023,668.55
2017,A,6,2022,"Commitments by recipient country, in million USD at 2022 prices and exchange rates (using donor country deflators). The aggregated figures only include the historical list of developing countries with a few modifications to account for the shifting nature of international public finance.","DAC Statistics database, 2025, The Organisation for Economic Co-operation and Development (OECD) and IRENA Public Finance Database, 2025, The international Renewable Energy Agency (IRENA)",EG_IFF_RANDN,404,None,CON_USD,2025-03-14T00:00:00,2023,170.71
2018,A,6,2022,"Commitments by recipient country, in million USD at 2022 prices and exchange rates (using donor country deflators). The aggregated figures only include the historical list of developing countries with a few modifications to account for the shifting nature of international public finance.","DAC Statistics database, 2025, The Organisation for Economic Co-operation and Development (OECD) and IRENA Public Finance Database, 2025, The international Renewable Energy Agency (IRENA)",EG_IFF_RANDN,404,None,CON_USD,2025-03-14T00:00:00,2023,220.73
2019,A,6,2022,"Commitments by recipient country, in million USD at 2022 prices and exchange rates (using donor country deflators). The aggregated figures only include the historical list of developing countries with a few modifications to account for the shifting nature of international public finance.","DAC Statistics database, 2025, The Organisation for Economic Co-operation and Development (OECD) and IRENA Public Finance Database, 2025, The international Renewable Energy Agency (IRENA)",EG_IFF_RANDN,404,None,CON_USD,2025-03-14T00:00:00,2023,246.63
2020,A,6,2022,"Commitments by recipient country, in million USD at 2022 prices and exchange rates (using donor country deflators). The aggregated figures only include the historical list of developing countries with a few modifications to account for the shifting nature of international public finance.","DAC Statistics database, 2025, The Organisation for Economic Co-operation and Development (OECD) and IRENA Public Finance Database, 2025, The international Renewable Energy Agency (IRENA)",EG_IFF_RANDN,404,None,CON_USD,2025-03-14T00:00:00,2023,38.33
2021,A,6,2022,"Commitments by recipient country, in million USD at 2022 prices and exchange rates (using donor country deflators). The aggregated figures only include the historical list of developing countries with a few modifications to account for the shifting nature of international public finance.","DAC Statistics database, 2025, The Organisation for Economic Co-operation and Development (OECD) and IRENA Public Finance Database, 2025, The international Renewable Energy Agency (IRENA)",EG_IFF_RANDN,404,None,CON_USD,2025-03-14T00:00:00,2023,107.45
2022,A,6,2022,"Commitments by recipient country, in million USD at 2022 prices and exchange rates (using donor country deflators). The aggregated figures only include the historical list of developing countries with a few modifications to account for the shifting nature of international public finance.","DAC Statistics database, 2025, The Organisation for Economic Co-operation and Development (OECD) and IRENA Public Finance Database, 2025, The international Renewable Energy Agency (IRENA)",EG_IFF_RANDN,404,None,CON_USD,2025-03-14T00:00:00,2023,122.67
2023,A,6,2022,"Commitments by recipient country, in million USD at 2022 prices and exchange rates (using donor country deflators). The aggregated figures only include the historical list of developing countries with a few modifications to account for the shifting nature of international public finance.","DAC Statistics database, 2025, The Organisation for Economic Co-operation and Development (OECD) and IRENA Public Finance Database, 2025, The international Renewable Energy Agency (IRENA)",EG_IFF_RANDN,404,None,CON_USD,2025-03-14T00:00:00,2023,158.03
2000,A,6,2022,"Commitments by recipient country, in million USD at 2022 prices and exchange rates (using donor country deflators). The aggregated figures only include the historical list of developing countries with a few modifications to account for the shifting nature of international public finance.","DAC Statistics database, 2025, The Organisation for Economic Co-operation and Development (OECD) and IRENA Public Finance Database, 2025, The international Renewable Energy Agency (IRENA)",EG_IFF_RANDN,404,TRT_BIOENERGY,CON_USD,2025-03-14T00:00:00,2023,0.0
2001,A,6,2022,"Commitments by recipient country, in million USD at 2022 prices and exchange rates (using donor country deflators). The aggregated figures only include the historical list of developing countries with a few modifications to account for the shifting nature of international public finance.","DAC Statistics database, 2025, The Organisation for Economic Co-operation and Development (OECD) and IRENA Public Finance Database, 2025, The international Renewable Energy Agency (IRENA)",EG_IFF_RANDN,404,TRT_BIOENERGY,CON_USD,2025-03-14T00:00:00,2023,0.0
2002,A,6,2022,"Commitments by recipient country, in million USD at 2022 prices and exchange rates (using donor country deflators). The aggregated figures only include the historical list of developing countries with a few modifications to account for the shifting nature of international public finance.","DAC Statistics database, 2025, The Organisation for Economic Co-operation and Development (OECD) and IRENA Public Finance Database, 2025, The international Renewable Energy Agency (IRENA)",EG_IFF_RANDN,404,TRT_BIOENERGY,CON_USD,2025-03-14T00:00:00,2023,0.0
2003,A,6,2022,"Commitments by recipient country, in million USD at 2022 prices and exchange rates (using donor country deflators). The aggregated figures only include the historical list of developing countries with a few modifications to account for the shifting nature of international public finance.","DAC Statistics database, 2025, The Organisation for Economic Co-operation and Development (OECD) and IRENA Public Finance Database, 2025, The international Renewable Energy Agency (IRENA)",EG_IFF_RANDN,404,TRT_BIOENERGY,CON_USD,2025-03-14T00:00:00,2023,0.0
2004,A,6,2022,"Commitments by recipient country, in million USD at 2022 prices and exchange rates (using donor country deflators). The aggregated figures only include the historical list of developing countries with a few modifications to account for the shifting nature of international public finance.","DAC Statistics database, 2025, The Organisation for Economic Co-operation and Development (OECD) and IRENA Public Finance Database, 2025, The international Renewable Energy Agency (IRENA)",EG_IFF_RANDN,404,TRT_BIOENERGY,CON_USD,2025-03-14T00:00:00,2023,0.0
2005,A,6,2022,"Commitments by recipient country, in million USD at 2022 prices and exchange rates (using donor country deflators). The aggregated figures only include the historical list of developing countries with a few modifications to account for the shifting nature of international public finance.","DAC Statistics database, 2025, The Organisation for Economic Co-operation and Development (OECD) and IRENA Public Finance Database, 2025, The international Renewable Energy Agency (IRENA)",EG_IFF_RANDN,404,TRT_BIOENERGY,CON_USD,2025-03-14T00:00:00,2023,0.0
2006,A,6,2022,"Commitments by recipient country, in million USD at 2022 prices and exchange rates (using donor country deflators). The aggregated figures only include the historical list of developing countries with a few modifications to account for the shifting nature of international public finance.","DAC Statistics database, 2025, The Organisation for Economic Co-operation and Development (OECD) and IRENA Public Finance Database, 2025, The international Renewable Energy Agency (IRENA)",EG_IFF_RANDN,404,TRT_BIOENERGY,CON_USD,2025-03-14T00:00:00,2023,0.0
2007,A,6,2022,"Commitments by recipient country, in million USD at 2022 prices and exchange rates (using donor country deflators). The aggregated figures only include the historical list of developing countries with a few modifications to account for the shifting nature of international public finance.","DAC Statistics database, 2025, The Organisation for Economic Co-operation and Development (OECD) and IRENA Public Finance Database, 2025, The international Renewable Energy Agency (IRENA)",EG_IFF_RANDN,404,TRT_BIOENERGY,CON_USD,2025-03-14T00:00:00,2023,0.0
2008,A,6,2022,"Commitments by recipient country, in million USD at 2022 prices and exchange rates (using donor country deflators). The aggregated figures only include the historical list of developing countries with a few modifications to account for the shifting nature of international public finance.","DAC Statistics database, 2025, The Organisation for Economic Co-operation and Development (OECD) and IRENA Public Finance Database, 2025, The international Renewable Energy Agency (IRENA)",EG_IFF_RANDN,404,TRT_BIOENERGY,CON_USD,2025-03-14T00:00:00,2023,0.25
2009,A,6,2022,"Commitments by recipient country, in million USD at 2022 prices and exchange rates (using donor country deflators). The aggregated figures only include the historical list of developing countries with a few modifications to account for the shifting nature of international public finance.","DAC Statistics database, 2025, The Organisation for Economic Co-operation and Development (OECD) and IRENA Public Finance Database, 2025, The international Renewable Energy Agency (IRENA)",EG_IFF_RANDN,404,TRT_BIOENERGY,CON_USD,2025-03-14T00:00:00,2023,0.34
2010,A,6,2022,"Commitments by recipient country, in million USD at 2022 prices and exchange rates (using donor country deflators). The aggregated figures only include the historical list of developing countries with a few modifications to account for the shifting nature of international public finance.","DAC Statistics database, 2025, The Organisation for Economic Co-operation and Development (OECD) and IRENA Public Finance Database, 2025, The international Renewable Energy Agency (IRENA)",EG_IFF_RANDN,404,TRT_BIOENERGY,CON_USD,2025-03-14T00:00:00,2023,0.2
2011,A,6,2022,"Commitments by recipient country, in million USD at 2022 prices and exchange rates (using donor country deflators). The aggregated figures only include the historical list of developing countries with a few modifications to account for the shifting nature of international public finance.","DAC Statistics database, 2025, The Organisation for Economic Co-operation and Development (OECD) and IRENA Public Finance Database, 2025, The international Renewable Energy Agency (IRENA)",EG_IFF_RANDN,404,TRT_BIOENERGY,CON_USD,2025-03-14T00:00:00,2023,0.0
2012,A,6,2022,"Commitments by recipient country, in million USD at 2022 prices and exchange rates (using donor country deflators). The aggregated figures only include the historical list of developing countries with a few modifications to account for the shifting nature of international public finance.","DAC Statistics database, 2025, The Organisation for Economic Co-operation and Development (OECD) and IRENA Public Finance Database, 2025, The international Renewable Energy Agency (IRENA)",EG_IFF_RANDN,404,TRT_BIOENERGY,CON_USD,2025-03-14T00:00:00,2023,0.0
2013,A,6,2022,"Commitments by recipient country, in million USD at 2022 prices and exchange rates (using donor country deflators). The aggregated figures only include the historical list of developing countries with a few modifications to account for the shifting nature of international public finance.","DAC Statistics database, 2025, The Organisation for Economic Co-operation and Development (OECD) and IRENA Public Finance Database, 2025, The international Renewable Energy Agency (IRENA)",EG_IFF_RANDN,404,TRT_BIOENERGY,CON_USD,2025-03-14T00:00:00,2023,0.0
2014,A,6,2022,"Commitments by recipient country, in million USD at 2022 prices and exchange rates (using donor country deflators). The aggregated figures only include the historical list of developing countries with a few modifications to account for the shifting nature of international public finance.","DAC Statistics database, 2025, The Organisation for Economic Co-operation and Development (OECD) and IRENA Public Finance Database, 2025, The international Renewable Energy Agency (IRENA)",EG_IFF_RANDN,404,TRT_BIOENERGY,CON_USD,2025-03-14T00:00:00,2023,0.4
2015,A,6,2022,"Commitments by recipient country, in million USD at 2022 prices and exchange rates (using donor country deflators). The aggregated figures only include the historical list of developing countries with a few modifications to account for the shifting nature of international public finance.","DAC Statistics database, 2025, The Organisation for Economic Co-operation and Development (OECD) and IRENA Public Finance Database, 2025, The international Renewable Energy Agency (IRENA)",EG_IFF_RANDN,404,TRT_BIOENERGY,CON_USD,2025-03-14T00:00:00,2023,0.0
2016,A,6,2022,"Commitments by recipient country, in million USD at 2022 prices and exchange rates (using donor country deflators). The aggregated figures only include the historical list of developing countries with a few modifications to account for the shifting nature of international public finance.","DAC Statistics database, 2025, The Organisation for Economic Co-operation and Development (OECD) and IRENA Public Finance Database, 2025, The international Renewable Energy Agency (IRENA)",EG_IFF_RANDN,404,TRT_BIOENERGY,CON_USD,2025-03-14T00:00:00,2023,0.0
2017,A,6,2022,"Commitments by recipient country, in million USD at 2022 prices and exchange rates (using donor country deflators). The aggregated figures only include the historical list of developing countries with a few modifications to account for the shifting nature of international public finance.","DAC Statistics database, 2025, The Organisation for Economic Co-operation and Development (OECD) and IRENA Public Finance Database, 2025, The international Renewable Energy Agency (IRENA)",EG_IFF_RANDN,404,TRT_BIOENERGY,CON_USD,2025-03-14T00:00:00,2023,12.38
2018,A,6,2022,"Commitments by recipient country, in million USD at 2022 prices and exchange rates (using donor country deflators). The aggregated figures only include the historical list of developing countries with a few modifications to account for the shifting nature of international public finance.","DAC Statistics database, 2025, The Organisation for Economic Co-operation and Development (OECD) and IRENA Public Finance Database, 2025, The international Renewable Energy Agency (IRENA)",EG_IFF_RANDN,404,TRT_BIOENERGY,CON_USD,2025-03-14T00:00:00,2023,2.49
2019,A,6,2022,"Commitments by recipient country, in million USD at 2022 prices and exchange rates (using donor country deflators). The aggregated figures only include the historical list of developing countries with a few modifications to account for the shifting nature of international public finance.","DAC Statistics database, 2025, The Organisation for Economic Co-operation and Development (OECD) and IRENA Public Finance Database, 2025, The international Renewable Energy Agency (IRENA)",EG_IFF_RANDN,404,TRT_BIOENERGY,CON_USD,2025-03-14T00:00:00,2023,1.11
2020,A,6,2022,"Commitments by recipient country, in million USD at 2022 prices and exchange rates (using donor country deflators). The aggregated figures only include the historical list of developing countries with a few modifications to account for the shifting nature of international public finance.","DAC Statistics database, 2025, The Organisation for Economic Co-operation and Development (OECD) and IRENA Public Finance Database, 2025, The international Renewable Energy Agency (IRENA)",EG_IFF_RANDN,404,TRT_BIOENERGY,CON_USD,2025-03-14T00:00:00,2023,0.06
2021,A,6,2022,"Commitments by recipient country, in million USD at 2022 prices and exchange rates (using donor country deflators). The aggregated figures only include the historical list of developing countries with a few modifications to account for the shifting nature of international public finance.","DAC Statistics database, 2025, The Organisation for Economic Co-operation and Development (OECD) and IRENA Public Finance Database, 2025, The international Renewable Energy Agency (IRENA)",EG_IFF_RANDN,404,TRT_BIOENERGY,CON_USD,2025-03-14T00:00:00,2023,0.07
2022,A,6,2022,"Commitments by recipient country, in million USD at 2022 prices and exchange rates (using donor country deflators). The aggregated figures only include the historical list of developing countries with a few modifications to account for the shifting nature of international public finance.","DAC Statistics database, 2025, The Organisation for Economic Co-operation and Development (OECD) and IRENA Public Finance Database, 2025, The international Renewable Energy Agency (IRENA)",EG_IFF_RANDN,404,TRT_BIOENERGY,CON_USD,2025-03-14T00:00:00,2023,0.01
2023,A,6,2022,"Commitments by recipient country, in million USD at 2022 prices and exchange rates (using donor country deflators). The aggregated figures only include the historical list of developing countries with a few modifications to account for the shifting nature of international public finance.","DAC Statistics database, 2025, The Organisation for Economic Co-operation and Development (OECD) and IRENA Public Finance Database, 2025, The international Renewable Energy Agency (IRENA)",EG_IFF_RANDN,404,TRT_BIOENERGY,CON_USD,2025-03-14T00:00:00,2023,0.0
2000,A,6,2022,"Commitments by recipient country, in million USD at 2022 prices and exchange rates (using donor country deflators). The aggregated figures only include the historical list of developing countries with a few modifications to account for the shifting nature of international public finance.","DAC Statistics database, 2025, The Organisation for Economic Co-operation and Development (OECD) and IRENA Public Finance Database, 2025, The international Renewable Energy Agency (IRENA)",EG_IFF_RANDN,404,TRT_GEOTHERMAL,CON_USD,2025-03-14T00:00:00,2023,0.04
2001,A,6,2022,"Commitments by recipient country, in million USD at 2022 prices and exchange rates (using donor country deflators). The aggregated figures only include the historical list of developing countries with a few modifications to account for the shifting nature of international public finance.","DAC Statistics database, 2025, The Organisation for Economic Co-operation and Development (OECD) and IRENA Public Finance Database, 2025, The international Renewable Energy Agency (IRENA)",EG_IFF_RANDN,404,TRT_GEOTHERMAL,CON_USD,2025-03-14T00:00:00,2023,0.0
2002,A,6,2022,"Commitments by recipient country, in million USD at 2022 prices and exchange rates (using donor country deflators). The aggregated figures only include the historical list of developing countries with a few modifications to account for the shifting nature of international public finance.","DAC Statistics database, 2025, The Organisation for Economic Co-operation and Development (OECD) and IRENA Public Finance Database, 2025, The international Renewable Energy Agency (IRENA)",EG_IFF_RANDN,404,TRT_GEOTHERMAL,CON_USD,2025-03-14T00:00:00,2023,0.0
2003,A,6,2022,"Commitments by recipient country, in million USD at 2022 prices and exchange rates (using donor country deflators). The aggregated figures only include the historical list of developing countries with a few modifications to account for the shifting nature of international public finance.","DAC Statistics database, 2025, The Organisation for Economic Co-operation and Development (OECD) and IRENA Public Finance Database, 2025, The international Renewable Energy Agency (IRENA)",EG_IFF_RANDN,404,TRT_GEOTHERMAL,CON_USD,2025-03-14T00:00:00,2023,0.0
2004,A,6,2022,"Commitments by recipient country, in million USD at 2022 prices and exchange rates (using donor country deflators). The aggregated figures only include the historical list of developing countries with a few modifications to account for the shifting nature of international public finance.","DAC Statistics database, 2025, The Organisation for Economic Co-operation and Development (OECD) and IRENA Public Finance Database, 2025, The international Renewable Energy Agency (IRENA)",EG_IFF_RANDN,404,TRT_GEOTHERMAL,CON_USD,2025-03-14T00:00:00,2023,45.41
2005,A,6,2022,"Commitments by recipient country, in million USD at 2022 prices and exchange rates (using donor country deflators). The aggregated figures only include the historical list of developing countries with a few modifications to account for the shifting nature of international public finance.","DAC Statistics database, 2025, The Organisation for Economic Co-operation and Development (OECD) and IRENA Public Finance Database, 2025, The international Renewable Energy Agency (IRENA)",EG_IFF_RANDN,404,TRT_GEOTHERMAL,CON_USD,2025-03-14T00:00:00,2023,45.06
2006,A,6,2022,"Commitments by recipient country, in million USD at 2022 prices and exchange rates (using donor country deflators). The aggregated figures only include the historical list of developing countries with a few modifications to account for the shifting nature of international public finance.","DAC Statistics database, 2025, The Organisation for Economic Co-operation and Development (OECD) and IRENA Public Finance Database, 2025, The international Renewable Energy Agency (IRENA)",EG_IFF_RANDN,404,TRT_GEOTHERMAL,CON_USD,2025-03-14T00:00:00,2023,0.0
2007,A,6,2022,"Commitments by recipient country, in million USD at 2022 prices and exchange rates (using donor country deflators). The aggregated figures only include the historical list of developing countries with a few modifications to account for the shifting nature of international public finance.","DAC Statistics database, 2025, The Organisation for Economic Co-operation and Development (OECD) and IRENA Public Finance Database, 2025, The international Renewable Energy Agency (IRENA)",EG_IFF_RANDN,404,TRT_GEOTHERMAL,CON_USD,2025-03-14T00:00:00,2023,0.0
2008,A,6,2022,"Commitments by recipient country, in million USD at 2022 prices and exchange rates (using donor country deflators). The aggregated figures only include the historical list of developing countries with a few modifications to account for the shifting nature of international public finance.","DAC Statistics database, 2025, The Organisation for Economic Co-operation and Development (OECD) and IRENA Public Finance Database, 2025, The international Renewable Energy Agency (IRENA)",EG_IFF_RANDN,404,TRT_GEOTHERMAL,CON_USD,2025-03-14T00:00:00,2023,0.0
2009,A,6,2022,"Commitments by recipient country, in million USD at 2022 prices and exchange rates (using donor country deflators). The aggregated figures only include the historical list of developing countries with a few modifications to account for the shifting nature of international public finance.","DAC Statistics database, 2025, The Organisation for Economic Co-operation and Development (OECD) and IRENA Public Finance Database, 2025, The international Renewable Energy Agency (IRENA)",EG_IFF_RANDN,404,TRT_GEOTHERMAL,CON_USD,2025-03-14T00:00:00,2023,28.67
2010,A,6,2022,"Commitments by recipient country, in million USD at 2022 prices and exchange rates (using donor country deflators). The aggregated figures only include the historical list of developing countries with a few modifications to account for the shifting nature of international public finance.","DAC Statistics database, 2025, The Organisation for Economic Co-operation and Development (OECD) and IRENA Public Finance Database, 2025, The international Renewable Energy Agency (IRENA)",EG_IFF_RANDN,404,TRT_GEOTHERMAL,CON_USD,2025-03-14T00:00:00,2023,674.4
2011,A,6,2022,"Commitments by recipient country, in million USD at 2022 prices and exchange rates (using donor country deflators). The aggregated figures only include the historical list of developing countries with a few modifications to account for the shifting nature of international public finance.","DAC Statistics database, 2025, The Organisation for Economic Co-operation and Development (OECD) and IRENA Public Finance Database, 2025, The international Renewable Energy Agency (IRENA)",EG_IFF_RANDN,404,TRT_GEOTHERMAL,CON_USD,2025-03-14T00:00:00,2023,403.8
2012,A,6,2022,"Commitments by recipient country, in million USD at 2022 prices and exchange rates (using donor country deflators). The aggregated figures only include the historical list of developing countries with a few modifications to account for the shifting nature of international public finance.","DAC Statistics database, 2025, The Organisation for Economic Co-operation and Development (OECD) and IRENA Public Finance Database, 2025, The international Renewable Energy Agency (IRENA)",EG_IFF_RANDN,404,TRT_GEOTHERMAL,CON_USD,2025-03-14T00:00:00,2023,1.95
2013,A,6,2022,"Commitments by recipient country, in million USD at 2022 prices and exchange rates (using donor country deflators). The aggregated figures only include the historical list of developing countries with a few modifications to account for the shifting nature of international public finance.","DAC Statistics database, 2025, The Organisation for Economic Co-operation and Development (OECD) and IRENA Public Finance Database, 2025, The international Renewable Energy Agency (IRENA)",EG_IFF_RANDN,404,TRT_GEOTHERMAL,CON_USD,2025-03-14T00:00:00,2023,0.0
2014,A,6,2022,"Commitments by recipient country, in million USD at 2022 prices and exchange rates (using donor country deflators). The aggregated figures only include the historical list of developing countries with a few modifications to account for the shifting nature of international public finance.","DAC Statistics database, 2025, The Organisation for Economic Co-operation and Development (OECD) and IRENA Public Finance Database, 2025, The international Renewable Energy Agency (IRENA)",EG_IFF_RANDN,404,TRT_GEOTHERMAL,CON_USD,2025-03-14T00:00:00,2023,101.45
2015,A,6,2022,"Commitments by recipient country, in million USD at 2022 prices and exchange rates (using donor country deflators). The aggregated figures only include the historical list of developing countries with a few modifications to account for the shifting nature of international public finance.","DAC Statistics database, 2025, The Organisation for Economic Co-operation and Development (OECD) and IRENA Public Finance Database, 2025, The international Renewable Energy Agency (IRENA)",EG_IFF_RANDN,404,TRT_GEOTHERMAL,CON_USD,2025-03-14T00:00:00,2023,0.0
2016,A,6,2022,"Commitments by recipient country, in million USD at 2022 prices and exchange rates (using donor country deflators). The aggregated figures only include the historical list of developing countries with a few modifications to account for the shifting nature of international public finance.","DAC Statistics database, 2025, The Organisation for Economic Co-operation and Development (OECD) and IRENA Public Finance Database, 2025, The international Renewable Energy Agency (IRENA)",EG_IFF_RANDN,404,TRT_GEOTHERMAL,CON_USD,2025-03-14T00:00:00,2023,414.6
2017,A,6,2022,"Commitments by recipient country, in million USD at 2022 prices and exchange rates (using donor country deflators). The aggregated figures only include the historical list of developing countries with a few modifications to account for the shifting nature of international public finance.","DAC Statistics database, 2025, The Organisation for Economic Co-operation and Development (OECD) and IRENA Public Finance Database, 2025, The international Renewable Energy Agency (IRENA)",EG_IFF_RANDN,404,TRT_GEOTHERMAL,CON_USD,2025-03-14T00:00:00,2023,0.92
2018,A,6,2022,"Commitments by recipient country, in million USD at 2022 prices and exchange rates (using donor country deflators). The aggregated figures only include the historical list of developing countries with a few modifications to account for the shifting nature of international public finance.","DAC Statistics database, 2025, The Organisation for Economic Co-operation and Development (OECD) and IRENA Public Finance Database, 2025, The international Renewable Energy Agency (IRENA)",EG_IFF_RANDN,404,TRT_GEOTHERMAL,CON_USD,2025-03-14T00:00:00,2023,77.93
2019,A,6,2022,"Commitments by recipient country, in million USD at 2022 prices and exchange rates (using donor country deflators). The aggregated figures only include the historical list of developing countries with a few modifications to account for the shifting nature of international public finance.","DAC Statistics database, 2025, The Organisation for Economic Co-operation and Development (OECD) and IRENA Public Finance Database, 2025, The international Renewable Energy Agency (IRENA)",EG_IFF_RANDN,404,TRT_GEOTHERMAL,CON_USD,2025-03-14T00:00:00,2023,37.36
2020,A,6,2022,"Commitments by recipient country, in million USD at 2022 prices and exchange rates (using donor country deflators). The aggregated figures only include the historical list of developing countries with a few modifications to account for the shifting nature of international public finance.","DAC Statistics database, 2025, The Organisation for Economic Co-operation and Development (OECD) and IRENA Public Finance Database, 2025, The international Renewable Energy Agency (IRENA)",EG_IFF_RANDN,404,TRT_GEOTHERMAL,CON_USD,2025-03-14T00:00:00,2023,0.0
2021,A,6,2022,"Commitments by recipient country, in million USD at 2022 prices and exchange rates (using donor country deflators). The aggregated figures only include the historical list of developing countries with a few modifications to account for the shifting nature of international public finance.","DAC Statistics database, 2025, The Organisation for Economic Co-operation and Development (OECD) and IRENA Public Finance Database, 2025, The international Renewable Energy Agency (IRENA)",EG_IFF_RANDN,404,TRT_GEOTHERMAL,CON_USD,2025-03-14T00:00:00,2023,79.21
2022,A,6,2022,"Commitments by recipient country, in million USD at 2022 prices and exchange rates (using donor country deflators). The aggregated figures only include the historical list of developing countries with a few modifications to account for the shifting nature of international public finance.","DAC Statistics database, 2025, The Organisation for Economic Co-operation and Development (OECD) and IRENA Public Finance Database, 2025, The international Renewable Energy Agency (IRENA)",EG_IFF_RANDN,404,TRT_GEOTHERMAL,CON_USD,2025-03-14T00:00:00,2023,0.2
2023,A,6,2022,"Commitments by recipient country, in million USD at 2022 prices and exchange rates (using donor country deflators). The aggregated figures only include the historical list of developing countries with a few modifications to account for the shifting nature of international public finance.","DAC Statistics database, 2025, The Organisation for Economic Co-operation and Development (OECD) and IRENA Public Finance Database, 2025, The international Renewable Energy Agency (IRENA)",EG_IFF_RANDN,404,TRT_GEOTHERMAL,CON_USD,2025-03-14T00:00:00,2023,44.51
2000,A,6,2022,"Commitments by recipient country, in million USD at 2022 prices and exchange rates (using donor country deflators). The aggregated figures only include the historical list of developing countries with a few modifications to account for the shifting nature of international public finance.","DAC Statistics database, 2025, The Organisation for Economic Co-operation and Development (OECD) and IRENA Public Finance Database, 2025, The international Renewable Energy Agency (IRENA)",EG_IFF_RANDN,404,TRT_HYDROPOWER,CON_USD,2025-03-14T00:00:00,2023,0.0
2001,A,6,2022,"Commitments by recipient country, in million USD at 2022 prices and exchange rates (using donor country deflators). The aggregated figures only include the historical list of developing countries with a few modifications to account for the shifting nature of international public finance.","DAC Statistics database, 2025, The Organisation for Economic Co-operation and Development (OECD) and IRENA Public Finance Database, 2025, The international Renewable Energy Agency (IRENA)",EG_IFF_RANDN,404,TRT_HYDROPOWER,CON_USD,2025-03-14T00:00:00,2023,0.0
2002,A,6,2022,"Commitments by recipient country, in million USD at 2022 prices and exchange rates (using donor country deflators). The aggregated figures only include the historical list of developing countries with a few modifications to account for the shifting nature of international public finance.","DAC Statistics database, 2025, The Organisation for Economic Co-operation and Development (OECD) and IRENA Public Finance Database, 2025, The international Renewable Energy Agency (IRENA)",EG_IFF_RANDN,404,TRT_HYDROPOWER,CON_USD,2025-03-14T00:00:00,2023,0.0
2003,A,6,2022,"Commitments by recipient country, in million USD at 2022 prices and exchange rates (using donor country deflators). The aggregated figures only include the historical list of developing countries with a few modifications to account for the shifting nature of international public finance.","DAC Statistics database, 2025, The Organisation for Economic Co-operation and Development (OECD) and IRENA Public Finance Database, 2025, The international Renewable Energy Agency (IRENA)",EG_IFF_RANDN,404,TRT_HYDROPOWER,CON_USD,2025-03-14T00:00:00,2023,0.0
2004,A,6,2022,"Commitments by recipient country, in million USD at 2022 prices and exchange rates (using donor country deflators). The aggregated figures only include the historical list of developing countries with a few modifications to account for the shifting nature of international public finance.","DAC Statistics database, 2025, The Organisation for Economic Co-operation and Development (OECD) and IRENA Public Finance Database, 2025, The international Renewable Energy Agency (IRENA)",EG_IFF_RANDN,404,TRT_HYDROPOWER,CON_USD,2025-03-14T00:00:00,2023,77.79
2005,A,6,2022,"Commitments by recipient country, in million USD at 2022 prices and exchange rates (using donor country deflators). The aggregated figures only include the historical list of developing countries with a few modifications to account for the shifting nature of international public finance.","DAC Statistics database, 2025, The Organisation for Economic Co-operation and Development (OECD) and IRENA Public Finance Database, 2025, The international Renewable Energy Agency (IRENA)",EG_IFF_RANDN,404,TRT_HYDROPOWER,CON_USD,2025-03-14T00:00:00,2023,0.0
2006,A,6,2022,"Commitments by recipient country, in million USD at 2022 prices and exchange rates (using donor country deflators). The aggregated figures only include the historical list of developing countries with a few modifications to account for the shifting nature of international public finance.","DAC Statistics database, 2025, The Organisation for Economic Co-operation and Development (OECD) and IRENA Public Finance Database, 2025, The international Renewable Energy Agency (IRENA)",EG_IFF_RANDN,404,TRT_HYDROPOWER,CON_USD,2025-03-14T00:00:00,2023,0.0
2007,A,6,2022,"Commitments by recipient country, in million USD at 2022 prices and exchange rates (using donor country deflators). The aggregated figures only include the historical list of developing countries with a few modifications to account for the shifting nature of international public finance.","DAC Statistics database, 2025, The Organisation for Economic Co-operation and Development (OECD) and IRENA Public Finance Database, 2025, The international Renewable Energy Agency (IRENA)",EG_IFF_RANDN,404,TRT_HYDROPOWER,CON_USD,2025-03-14T00:00:00,2023,42.59
2008,A,6,2022,"Commitments by recipient country, in million USD at 2022 prices and exchange rates (using donor country deflators). The aggregated figures only include the historical list of developing countries with a few modifications to account for the shifting nature of international public finance.","DAC Statistics database, 2025, The Organisation for Economic Co-operation and Development (OECD) and IRENA Public Finance Database, 2025, The international Renewable Energy Agency (IRENA)",EG_IFF_RANDN,404,TRT_HYDROPOWER,CON_USD,2025-03-14T00:00:00,2023,0.0
2009,A,6,2022,"Commitments by recipient country, in million USD at 2022 prices and exchange rates (using donor country deflators). The aggregated figures only include the historical list of developing countries with a few modifications to account for the shifting nature of international public finance.","DAC Statistics database, 2025, The Organisation for Economic Co-operation and Development (OECD) and IRENA Public Finance Database, 2025, The international Renewable Energy Agency (IRENA)",EG_IFF_RANDN,404,TRT_HYDROPOWER,CON_USD,2025-03-14T00:00:00,2023,0.0
2010,A,6,2022,"Commitments by recipient country, in million USD at 2022 prices and exchange rates (using donor country deflators). The aggregated figures only include the historical list of developing countries with a few modifications to account for the shifting nature of international public finance.","DAC Statistics database, 2025, The Organisation for Economic Co-operation and Development (OECD) and IRENA Public Finance Database, 2025, The international Renewable Energy Agency (IRENA)",EG_IFF_RANDN,404,TRT_HYDROPOWER,CON_USD,2025-03-14T00:00:00,2023,0.0
2011,A,6,2022,"Commitments by recipient country, in million USD at 2022 prices and exchange rates (using donor country deflators). The aggregated figures only include the historical list of developing countries with a few modifications to account for the shifting nature of international public finance.","DAC Statistics database, 2025, The Organisation for Economic Co-operation and Development (OECD) and IRENA Public Finance Database, 2025, The international Renewable Energy Agency (IRENA)",EG_IFF_RANDN,404,TRT_HYDROPOWER,CON_USD,2025-03-14T00:00:00,2023,1.54
2012,A,6,2022,"Commitments by recipient country, in million USD at 2022 prices and exchange rates (using donor country deflators). The aggregated figures only include the historical list of developing countries with a few modifications to account for the shifting nature of international public finance.","DAC Statistics database, 2025, The Organisation for Economic Co-operation and Development (OECD) and IRENA Public Finance Database, 2025, The international Renewable Energy Agency (IRENA)",EG_IFF_RANDN,404,TRT_HYDROPOWER,CON_USD,2025-03-14T00:00:00,2023,0.0
2013,A,6,2022,"Commitments by recipient country, in million USD at 2022 prices and exchange rates (using donor country deflators). The aggregated figures only include the historical list of developing countries with a few modifications to account for the shifting nature of international public finance.","DAC Statistics database, 2025, The Organisation for Economic Co-operation and Development (OECD) and IRENA Public Finance Database, 2025, The international Renewable Energy Agency (IRENA)",EG_IFF_RANDN,404,TRT_HYDROPOWER,CON_USD,2025-03-14T00:00:00,2023,0.0
2014,A,6,2022,"Commitments by recipient country, in million USD at 2022 prices and exchange rates (using donor country deflators). The aggregated figures only include the historical list of developing countries with a few modifications to account for the shifting nature of international public finance.","DAC Statistics database, 2025, The Organisation for Economic Co-operation and Development (OECD) and IRENA Public Finance Database, 2025, The international Renewable Energy Agency (IRENA)",EG_IFF_RANDN,404,TRT_HYDROPOWER,CON_USD,2025-03-14T00:00:00,2023,0.0
2015,A,6,2022,"Commitments by recipient country, in million USD at 2022 prices and exchange rates (using donor country deflators). The aggregated figures only include the historical list of developing countries with a few modifications to account for the shifting nature of international public finance.","DAC Statistics database, 2025, The Organisation for Economic Co-operation and Development (OECD) and IRENA Public Finance Database, 2025, The international Renewable Energy Agency (IRENA)",EG_IFF_RANDN,404,TRT_HYDROPOWER,CON_USD,2025-03-14T00:00:00,2023,46.45
2016,A,6,2022,"Commitments by recipient country, in million USD at 2022 prices and exchange rates (using donor country deflators). The aggregated figures only include the historical list of developing countries with a few modifications to account for the shifting nature of international public finance.","DAC Statistics database, 2025, The Organisation for Economic Co-operation and Development (OECD) and IRENA Public Finance Database, 2025, The international Renewable Energy Agency (IRENA)",EG_IFF_RANDN,404,TRT_HYDROPOWER,CON_USD,2025-03-14T00:00:00,2023,0.12
2017,A,6,2022,"Commitments by recipient country, in million USD at 2022 prices and exchange rates (using donor country deflators). The aggregated figures only include the historical list of developing countries with a few modifications to account for the shifting nature of international public finance.","DAC Statistics database, 2025, The Organisation for Economic Co-operation and Development (OECD) and IRENA Public Finance Database, 2025, The international Renewable Energy Agency (IRENA)",EG_IFF_RANDN,404,TRT_HYDROPOWER,CON_USD,2025-03-14T00:00:00,2023,1.33
2018,A,6,2022,"Commitments by recipient country, in million USD at 2022 prices and exchange rates (using donor country deflators). The aggregated figures only include the historical list of developing countries with a few modifications to account for the shifting nature of international public finance.","DAC Statistics database, 2025, The Organisation for Economic Co-operation and Development (OECD) and IRENA Public Finance Database, 2025, The international Renewable Energy Agency (IRENA)",EG_IFF_RANDN,404,TRT_HYDROPOWER,CON_USD,2025-03-14T00:00:00,2023,0.0
2019,A,6,2022,"Commitments by recipient country, in million USD at 2022 prices and exchange rates (using donor country deflators). The aggregated figures only include the historical list of developing countries with a few modifications to account for the shifting nature of international public finance.","DAC Statistics database, 2025, The Organisation for Economic Co-operation and Development (OECD) and IRENA Public Finance Database, 2025, The international Renewable Energy Agency (IRENA)",EG_IFF_RANDN,404,TRT_HYDROPOWER,CON_USD,2025-03-14T00:00:00,2023,28.46
2020,A,6,2022,"Commitments by recipient country, in million USD at 2022 prices and exchange rates (using donor country deflators). The aggregated figures only include the historical list of developing countries with a few modifications to account for the shifting nature of international public finance.","DAC Statistics database, 2025, The Organisation for Economic Co-operation and Development (OECD) and IRENA Public Finance Database, 2025, The international Renewable Energy Agency (IRENA)",EG_IFF_RANDN,404,TRT_HYDROPOWER,CON_USD,2025-03-14T00:00:00,2023,0.0
2021,A,6,2022,"Commitments by recipient country, in million USD at 2022 prices and exchange rates (using donor country deflators). The aggregated figures only include the historical list of developing countries with a few modifications to account for the shifting nature of international public finance.","DAC Statistics database, 2025, The Organisation for Economic Co-operation and Development (OECD) and IRENA Public Finance Database, 2025, The international Renewable Energy Agency (IRENA)",EG_IFF_RANDN,404,TRT_HYDROPOWER,CON_USD,2025-03-14T00:00:00,2023,0.22
2022,A,6,2022,"Commitments by recipient country, in million USD at 2022 prices and exchange rates (using donor country deflators). The aggregated figures only include the historical list of developing countries with a few modifications to account for the shifting nature of international public finance.","DAC Statistics database, 2025, The Organisation for Economic Co-operation and Development (OECD) and IRENA Public Finance Database, 2025, The international Renewable Energy Agency (IRENA)",EG_IFF_RANDN,404,TRT_HYDROPOWER,CON_USD,2025-03-14T00:00:00,2023,0.05
2023,A,6,2022,"Commitments by recipient country, in million USD at 2022 prices and exchange rates (using donor country deflators). The aggregated figures only include the historical list of developing countries with a few modifications to account for the shifting nature of international public finance.","DAC Statistics database, 2025, The Organisation for Economic Co-operation and Development (OECD) and IRENA Public Finance Database, 2025, The international Renewable Energy Agency (IRENA)",EG_IFF_RANDN,404,TRT_HYDROPOWER,CON_USD,2025-03-14T00:00:00,2023,0.03
2000,A,6,2022,"Commitments by recipient country, in million USD at 2022 prices and exchange rates (using donor country deflators). The aggregated figures only include the historical list of developing countries with a few modifications to account for the shifting nature of international public finance.","DAC Statistics database, 2025, The Organisation for Economic Co-operation and Development (OECD) and IRENA Public Finance Database, 2025, The international Renewable Energy Agency (IRENA)",EG_IFF_RANDN,404,TRT_MARINE,CON_USD,2025-03-14T00:00:00,2023,0.0
2001,A,6,2022,"Commitments by recipient country, in million USD at 2022 prices and exchange rates (using donor country deflators). The aggregated figures only include the historical list of developing countries with a few modifications to account for the shifting nature of international public finance.","DAC Statistics database, 2025, The Organisation for Economic Co-operation and Development (OECD) and IRENA Public Finance Database, 2025, The international Renewable Energy Agency (IRENA)",EG_IFF_RANDN,404,TRT_MARINE,CON_USD,2025-03-14T00:00:00,2023,0.0
2002,A,6,2022,"Commitments by recipient country, in million USD at 2022 prices and exchange rates (using donor country deflators). The aggregated figures only include the historical list of developing countries with a few modifications to account for the shifting nature of international public finance.","DAC Statistics database, 2025, The Organisation for Economic Co-operation and Development (OECD) and IRENA Public Finance Database, 2025, The international Renewable Energy Agency (IRENA)",EG_IFF_RANDN,404,TRT_MARINE,CON_USD,2025-03-14T00:00:00,2023,0.0
2003,A,6,2022,"Commitments by recipient country, in million USD at 2022 prices and exchange rates (using donor country deflators). The aggregated figures only include the historical list of developing countries with a few modifications to account for the shifting nature of international public finance.","DAC Statistics database, 2025, The Organisation for Economic Co-operation and Development (OECD) and IRENA Public Finance Database, 2025, The international Renewable Energy Agency (IRENA)",EG_IFF_RANDN,404,TRT_MARINE,CON_USD,2025-03-14T00:00:00,2023,0.0
2004,A,6,2022,"Commitments by recipient country, in million USD at 2022 prices and exchange rates (using donor country deflators). The aggregated figures only include the historical list of developing countries with a few modifications to account for the shifting nature of international public finance.","DAC Statistics database, 2025, The Organisation for Economic Co-operation and Development (OECD) and IRENA Public Finance Database, 2025, The international Renewable Energy Agency (IRENA)",EG_IFF_RANDN,404,TRT_MARINE,CON_USD,2025-03-14T00:00:00,2023,0.0
2005,A,6,2022,"Commitments by recipient country, in million USD at 2022 prices and exchange rates (using donor country deflators). The aggregated figures only include the historical list of developing countries with a few modifications to account for the shifting nature of international public finance.","DAC Statistics database, 2025, The Organisation for Economic Co-operation and Development (OECD) and IRENA Public Finance Database, 2025, The international Renewable Energy Agency (IRENA)",EG_IFF_RANDN,404,TRT_MARINE,CON_USD,2025-03-14T00:00:00,2023,0.0
2006,A,6,2022,"Commitments by recipient country, in million USD at 2022 prices and exchange rates (using donor country deflators). The aggregated figures only include the historical list of developing countries with a few modifications to account for the shifting nature of international public finance.","DAC Statistics database, 2025, The Organisation for Economic Co-operation and Development (OECD) and IRENA Public Finance Database, 2025, The international Renewable Energy Agency (IRENA)",EG_IFF_RANDN,404,TRT_MARINE,CON_USD,2025-03-14T00:00:00,2023,0.0
2007,A,6,2022,"Commitments by recipient country, in million USD at 2022 prices and exchange rates (using donor country deflators). The aggregated figures only include the historical list of developing countries with a few modifications to account for the shifting nature of international public finance.","DAC Statistics database, 2025, The Organisation for Economic Co-operation and Development (OECD) and IRENA Public Finance Database, 2025, The international Renewable Energy Agency (IRENA)",EG_IFF_RANDN,404,TRT_MARINE,CON_USD,2025-03-14T00:00:00,2023,0.0
2008,A,6,2022,"Commitments by recipient country, in million USD at 2022 prices and exchange rates (using donor country deflators). The aggregated figures only include the historical list of developing countries with a few modifications to account for the shifting nature of international public finance.","DAC Statistics database, 2025, The Organisation for Economic Co-operation and Development (OECD) and IRENA Public Finance Database, 2025, The international Renewable Energy Agency (IRENA)",EG_IFF_RANDN,404,TRT_MARINE,CON_USD,2025-03-14T00:00:00,2023,0.0
2009,A,6,2022,"Commitments by recipient country, in million USD at 2022 prices and exchange rates (using donor country deflators). The aggregated figures only include the historical list of developing countries with a few modifications to account for the shifting nature of international public finance.","DAC Statistics database, 2025, The Organisation for Economic Co-operation and Development (OECD) and IRENA Public Finance Database, 2025, The international Renewable Energy Agency (IRENA)",EG_IFF_RANDN,404,TRT_MARINE,CON_USD,2025-03-14T00:00:00,2023,0.0
2010,A,6,2022,"Commitments by recipient country, in million USD at 2022 prices and exchange rates (using donor country deflators). The aggregated figures only include the historical list of developing countries with a few modifications to account for the shifting nature of international public finance.","DAC Statistics database, 2025, The Organisation for Economic Co-operation and Development (OECD) and IRENA Public Finance Database, 2025, The international Renewable Energy Agency (IRENA)",EG_IFF_RANDN,404,TRT_MARINE,CON_USD,2025-03-14T00:00:00,2023,0.0
2011,A,6,2022,"Commitments by recipient country, in million USD at 2022 prices and exchange rates (using donor country deflators). The aggregated figures only include the historical list of developing countries with a few modifications to account for the shifting nature of international public finance.","DAC Statistics database, 2025, The Organisation for Economic Co-operation and Development (OECD) and IRENA Public Finance Database, 2025, The international Renewable Energy Agency (IRENA)",EG_IFF_RANDN,404,TRT_MARINE,CON_USD,2025-03-14T00:00:00,2023,0.0
2012,A,6,2022,"Commitments by recipient country, in million USD at 2022 prices and exchange rates (using donor country deflators). The aggregated figures only include the historical list of developing countries with a few modifications to account for the shifting nature of international public finance.","DAC Statistics database, 2025, The Organisation for Economic Co-operation and Development (OECD) and IRENA Public Finance Database, 2025, The international Renewable Energy Agency (IRENA)",EG_IFF_RANDN,404,TRT_MARINE,CON_USD,2025-03-14T00:00:00,2023,0.0
2013,A,6,2022,"Commitments by recipient country, in million USD at 2022 prices and exchange rates (using donor country deflators). The aggregated figures only include the historical list of developing countries with a few modifications to account for the shifting nature of international public finance.","DAC Statistics database, 2025, The Organisation for Economic Co-operation and Development (OECD) and IRENA Public Finance Database, 2025, The international Renewable Energy Agency (IRENA)",EG_IFF_RANDN,404,TRT_MARINE,CON_USD,2025-03-14T00:00:00,2023,0.0
2014,A,6,2022,"Commitments by recipient country, in million USD at 2022 prices and exchange rates (using donor country deflators). The aggregated figures only include the historical list of developing countries with a few modifications to account for the shifting nature of international public finance.","DAC Statistics database, 2025, The Organisation for Economic Co-operation and Development (OECD) and IRENA Public Finance Database, 2025, The international Renewable Energy Agency (IRENA)",EG_IFF_RANDN,404,TRT_MARINE,CON_USD,2025-03-14T00:00:00,2023,0.0
2015,A,6,2022,"Commitments by recipient country, in million USD at 2022 prices and exchange rates (using donor country deflators). The aggregated figures only include the historical list of developing countries with a few modifications to account for the shifting nature of international public finance.","DAC Statistics database, 2025, The Organisation for Economic Co-operation and Development (OECD) and IRENA Public Finance Database, 2025, The international Renewable Energy Agency (IRENA)",EG_IFF_RANDN,404,TRT_MARINE,CON_USD,2025-03-14T00:00:00,2023,0.0
2016,A,6,2022,"Commitments by recipient country, in million USD at 2022 prices and exchange rates (using donor country deflators). The aggregated figures only include the historical list of developing countries with a few modifications to account for the shifting nature of international public finance.","DAC Statistics database, 2025, The Organisation for Economic Co-operation and Development (OECD) and IRENA Public Finance Database, 2025, The international Renewable Energy Agency (IRENA)",EG_IFF_RANDN,404,TRT_MARINE,CON_USD,2025-03-14T00:00:00,2023,0.0
2017,A,6,2022,"Commitments by recipient country, in million USD at 2022 prices and exchange rates (using donor country deflators). The aggregated figures only include the historical list of developing countries with a few modifications to account for the shifting nature of international public finance.","DAC Statistics database, 2025, The Organisation for Economic Co-operation and Development (OECD) and IRENA Public Finance Database, 2025, The international Renewable Energy Agency (IRENA)",EG_IFF_RANDN,404,TRT_MARINE,CON_USD,2025-03-14T00:00:00,2023,0.0
2018,A,6,2022,"Commitments by recipient country, in million USD at 2022 prices and exchange rates (using donor country deflators). The aggregated figures only include the historical list of developing countries with a few modifications to account for the shifting nature of international public finance.","DAC Statistics database, 2025, The Organisation for Economic Co-operation and Development (OECD) and IRENA Public Finance Database, 2025, The international Renewable Energy Agency (IRENA)",EG_IFF_RANDN,404,TRT_MARINE,CON_USD,2025-03-14T00:00:00,2023,0.0
2019,A,6,2022,"Commitments by recipient country, in million USD at 2022 prices and exchange rates (using donor country deflators). The aggregated figures only include the historical list of developing countries with a few modifications to account for the shifting nature of international public finance.","DAC Statistics database, 2025, The Organisation for Economic Co-operation and Development (OECD) and IRENA Public Finance Database, 2025, The international Renewable Energy Agency (IRENA)",EG_IFF_RANDN,404,TRT_MARINE,CON_USD,2025-03-14T00:00:00,2023,0.0
2020,A,6,2022,"Commitments by recipient country, in million USD at 2022 prices and exchange rates (using donor country deflators). The aggregated figures only include the historical list of developing countries with a few modifications to account for the shifting nature of international public finance.","DAC Statistics database, 2025, The Organisation for Economic Co-operation and Development (OECD) and IRENA Public Finance Database, 2025, The international Renewable Energy Agency (IRENA)",EG_IFF_RANDN,404,TRT_MARINE,CON_USD,2025-03-14T00:00:00,2023,0.0
2021,A,6,2022,"Commitments by recipient country, in million USD at 2022 prices and exchange rates (using donor country deflators). The aggregated figures only include the historical list of developing countries with a few modifications to account for the shifting nature of international public finance.","DAC Statistics database, 2025, The Organisation for Economic Co-operation and Development (OECD) and IRENA Public Finance Database, 2025, The international Renewable Energy Agency (IRENA)",EG_IFF_RANDN,404,TRT_MARINE,CON_USD,2025-03-14T00:00:00,2023,0.0
2022,A,6,2022,"Commitments by recipient country, in million USD at 2022 prices and exchange rates (using donor country deflators). The aggregated figures only include the historical list of developing countries with a few modifications to account for the shifting nature of international public finance.","DAC Statistics database, 2025, The Organisation for Economic Co-operation and Development (OECD) and IRENA Public Finance Database, 2025, The international Renewable Energy Agency (IRENA)",EG_IFF_RANDN,404,TRT_MARINE,CON_USD,2025-03-14T00:00:00,2023,0.0
2023,A,6,2022,"Commitments by recipient country, in million USD at 2022 prices and exchange rates (using donor country deflators). The aggregated figures only include the historical list of developing countries with a few modifications to account for the shifting nature of international public finance.","DAC Statistics database, 2025, The Organisation for Economic Co-operation and Development (OECD) and IRENA Public Finance Database, 2025, The international Renewable Energy Agency (IRENA)",EG_IFF_RANDN,404,TRT_MARINE,CON_USD,2025-03-14T00:00:00,2023,0.0
2000,A,6,2022,"Commitments by recipient country, in million USD at 2022 prices and exchange rates (using donor country deflators). The aggregated figures only include the historical list of developing countries with a few modifications to account for the shifting nature of international public finance.","DAC Statistics database, 2025, The Organisation for Economic Co-operation and Development (OECD) and IRENA Public Finance Database, 2025, The international Renewable Energy Agency (IRENA)",EG_IFF_RANDN,404,TRT_MULTIPLE,CON_USD,2025-03-14T00:00:00,2023,0.05
2001,A,6,2022,"Commitments by recipient country, in million USD at 2022 prices and exchange rates (using donor country deflators). The aggregated figures only include the historical list of developing countries with a few modifications to account for the shifting nature of international public finance.","DAC Statistics database, 2025, The Organisation for Economic Co-operation and Development (OECD) and IRENA Public Finance Database, 2025, The international Renewable Energy Agency (IRENA)",EG_IFF_RANDN,404,TRT_MULTIPLE,CON_USD,2025-03-14T00:00:00,2023,0.0
2002,A,6,2022,"Commitments by recipient country, in million USD at 2022 prices and exchange rates (using donor country deflators). The aggregated figures only include the historical list of developing countries with a few modifications to account for the shifting nature of international public finance.","DAC Statistics database, 2025, The Organisation for Economic Co-operation and Development (OECD) and IRENA Public Finance Database, 2025, The international Renewable Energy Agency (IRENA)",EG_IFF_RANDN,404,TRT_MULTIPLE,CON_USD,2025-03-14T00:00:00,2023,0.0
2003,A,6,2022,"Commitments by recipient country, in million USD at 2022 prices and exchange rates (using donor country deflators). The aggregated figures only include the historical list of developing countries with a few modifications to account for the shifting nature of international public finance.","DAC Statistics database, 2025, The Organisation for Economic Co-operation and Development (OECD) and IRENA Public Finance Database, 2025, The international Renewable Energy Agency (IRENA)",EG_IFF_RANDN,404,TRT_MULTIPLE,CON_USD,2025-03-14T00:00:00,2023,0.0
2004,A,6,2022,"Commitments by recipient country, in million USD at 2022 prices and exchange rates (using donor country deflators). The aggregated figures only include the historical list of developing countries with a few modifications to account for the shifting nature of international public finance.","DAC Statistics database, 2025, The Organisation for Economic Co-operation and Development (OECD) and IRENA Public Finance Database, 2025, The international Renewable Energy Agency (IRENA)",EG_IFF_RANDN,404,TRT_MULTIPLE,CON_USD,2025-03-14T00:00:00,2023,0.07
2005,A,6,2022,"Commitments by recipient country, in million USD at 2022 prices and exchange rates (using donor country deflators). The aggregated figures only include the historical list of developing countries with a few modifications to account for the shifting nature of international public finance.","DAC Statistics database, 2025, The Organisation for Economic Co-operation and Development (OECD) and IRENA Public Finance Database, 2025, The international Renewable Energy Agency (IRENA)",EG_IFF_RANDN,404,TRT_MULTIPLE,CON_USD,2025-03-14T00:00:00,2023,0.0
2006,A,6,2022,"Commitments by recipient country, in million USD at 2022 prices and exchange rates (using donor country deflators). The aggregated figures only include the historical list of developing countries with a few modifications to account for the shifting nature of international public finance.","DAC Statistics database, 2025, The Organisation for Economic Co-operation and Development (OECD) and IRENA Public Finance Database, 2025, The international Renewable Energy Agency (IRENA)",EG_IFF_RANDN,404,TRT_MULTIPLE,CON_USD,2025-03-14T00:00:00,2023,0.01
2007,A,6,2022,"Commitments by recipient country, in million USD at 2022 prices and exchange rates (using donor country deflators). The aggregated figures only include the historical list of developing countries with a few modifications to account for the shifting nature of international public finance.","DAC Statistics database, 2025, The Organisation for Economic Co-operation and Development (OECD) and IRENA Public Finance Database, 2025, The international Renewable Energy Agency (IRENA)",EG_IFF_RANDN,404,TRT_MULTIPLE,CON_USD,2025-03-14T00:00:00,2023,8.59
2008,A,6,2022,"Commitments by recipient country, in million USD at 2022 prices and exchange rates (using donor country deflators). The aggregated figures only include the historical list of developing countries with a few modifications to account for the shifting nature of international public finance.","DAC Statistics database, 2025, The Organisation for Economic Co-operation and Development (OECD) and IRENA Public Finance Database, 2025, The international Renewable Energy Agency (IRENA)",EG_IFF_RANDN,404,TRT_MULTIPLE,CON_USD,2025-03-14T00:00:00,2023,0.05
2009,A,6,2022,"Commitments by recipient country, in million USD at 2022 prices and exchange rates (using donor country deflators). The aggregated figures only include the historical list of developing countries with a few modifications to account for the shifting nature of international public finance.","DAC Statistics database, 2025, The Organisation for Economic Co-operation and Development (OECD) and IRENA Public Finance Database, 2025, The international Renewable Energy Agency (IRENA)",EG_IFF_RANDN,404,TRT_MULTIPLE,CON_USD,2025-03-14T00:00:00,2023,0.22
2010,A,6,2022,"Commitments by recipient country, in million USD at 2022 prices and exchange rates (using donor country deflators). The aggregated figures only include the historical list of developing countries with a few modifications to account for the shifting nature of international public finance.","DAC Statistics database, 2025, The Organisation for Economic Co-operation and Development (OECD) and IRENA Public Finance Database, 2025, The international Renewable Energy Agency (IRENA)",EG_IFF_RANDN,404,TRT_MULTIPLE,CON_USD,2025-03-14T00:00:00,2023,40.74
2011,A,6,2022,"Commitments by recipient country, in million USD at 2022 prices and exchange rates (using donor country deflators). The aggregated figures only include the historical list of developing countries with a few modifications to account for the shifting nature of international public finance.","DAC Statistics database, 2025, The Organisation for Economic Co-operation and Development (OECD) and IRENA Public Finance Database, 2025, The international Renewable Energy Agency (IRENA)",EG_IFF_RANDN,404,TRT_MULTIPLE,CON_USD,2025-03-14T00:00:00,2023,154.08
2012,A,6,2022,"Commitments by recipient country, in million USD at 2022 prices and exchange rates (using donor country deflators). The aggregated figures only include the historical list of developing countries with a few modifications to account for the shifting nature of international public finance.","DAC Statistics database, 2025, The Organisation for Economic Co-operation and Development (OECD) and IRENA Public Finance Database, 2025, The international Renewable Energy Agency (IRENA)",EG_IFF_RANDN,404,TRT_MULTIPLE,CON_USD,2025-03-14T00:00:00,2023,2.06
2013,A,6,2022,"Commitments by recipient country, in million USD at 2022 prices and exchange rates (using donor country deflators). The aggregated figures only include the historical list of developing countries with a few modifications to account for the shifting nature of international public finance.","DAC Statistics database, 2025, The Organisation for Economic Co-operation and Development (OECD) and IRENA Public Finance Database, 2025, The international Renewable Energy Agency (IRENA)",EG_IFF_RANDN,404,TRT_MULTIPLE,CON_USD,2025-03-14T00:00:00,2023,11.48
2014,A,6,2022,"Commitments by recipient country, in million USD at 2022 prices and exchange rates (using donor country deflators). The aggregated figures only include the historical list of developing countries with a few modifications to account for the shifting nature of international public finance.","DAC Statistics database, 2025, The Organisation for Economic Co-operation and Development (OECD) and IRENA Public Finance Database, 2025, The international Renewable Energy Agency (IRENA)",EG_IFF_RANDN,404,TRT_MULTIPLE,CON_USD,2025-03-14T00:00:00,2023,5.13
2015,A,6,2022,"Commitments by recipient country, in million USD at 2022 prices and exchange rates (using donor country deflators). The aggregated figures only include the historical list of developing countries with a few modifications to account for the shifting nature of international public finance.","DAC Statistics database, 2025, The Organisation for Economic Co-operation and Development (OECD) and IRENA Public Finance Database, 2025, The international Renewable Energy Agency (IRENA)",EG_IFF_RANDN,404,TRT_MULTIPLE,CON_USD,2025-03-14T00:00:00,2023,87.38
2016,A,6,2022,"Commitments by recipient country, in million USD at 2022 prices and exchange rates (using donor country deflators). The aggregated figures only include the historical list of developing countries with a few modifications to account for the shifting nature of international public finance.","DAC Statistics database, 2025, The Organisation for Economic Co-operation and Development (OECD) and IRENA Public Finance Database, 2025, The international Renewable Energy Agency (IRENA)",EG_IFF_RANDN,404,TRT_MULTIPLE,CON_USD,2025-03-14T00:00:00,2023,23.98
2017,A,6,2022,"Commitments by recipient country, in million USD at 2022 prices and exchange rates (using donor country deflators). The aggregated figures only include the historical list of developing countries with a few modifications to account for the shifting nature of international public finance.","DAC Statistics database, 2025, The Organisation for Economic Co-operation and Development (OECD) and IRENA Public Finance Database, 2025, The international Renewable Energy Agency (IRENA)",EG_IFF_RANDN,404,TRT_MULTIPLE,CON_USD,2025-03-14T00:00:00,2023,50.51
2018,A,6,2022,"Commitments by recipient country, in million USD at 2022 prices and exchange rates (using donor country deflators). The aggregated figures only include the historical list of developing countries with a few modifications to account for the shifting nature of international public finance.","DAC Statistics database, 2025, The Organisation for Economic Co-operation and Development (OECD) and IRENA Public Finance Database, 2025, The international Renewable Energy Agency (IRENA)",EG_IFF_RANDN,404,TRT_MULTIPLE,CON_USD,2025-03-14T00:00:00,2023,10.98
2019,A,6,2022,"Commitments by recipient country, in million USD at 2022 prices and exchange rates (using donor country deflators). The aggregated figures only include the historical list of developing countries with a few modifications to account for the shifting nature of international public finance.","DAC Statistics database, 2025, The Organisation for Economic Co-operation and Development (OECD) and IRENA Public Finance Database, 2025, The international Renewable Energy Agency (IRENA)",EG_IFF_RANDN,404,TRT_MULTIPLE,CON_USD,2025-03-14T00:00:00,2023,20.73
2020,A,6,2022,"Commitments by recipient country, in million USD at 2022 prices and exchange rates (using donor country deflators). The aggregated figures only include the historical list of developing countries with a few modifications to account for the shifting nature of international public finance.","DAC Statistics database, 2025, The Organisation for Economic Co-operation and Development (OECD) and IRENA Public Finance Database, 2025, The international Renewable Energy Agency (IRENA)",EG_IFF_RANDN,404,TRT_MULTIPLE,CON_USD,2025-03-14T00:00:00,2023,2.11
2021,A,6,2022,"Commitments by recipient country, in million USD at 2022 prices and exchange rates (using donor country deflators). The aggregated figures only include the historical list of developing countries with a few modifications to account for the shifting nature of international public finance.","DAC Statistics database, 2025, The Organisation for Economic Co-operation and Development (OECD) and IRENA Public Finance Database, 2025, The international Renewable Energy Agency (IRENA)",EG_IFF_RANDN,404,TRT_MULTIPLE,CON_USD,2025-03-14T00:00:00,2023,10.19
2022,A,6,2022,"Commitments by recipient country, in million USD at 2022 prices and exchange rates (using donor country deflators). The aggregated figures only include the historical list of developing countries with a few modifications to account for the shifting nature of international public finance.","DAC Statistics database, 2025, The Organisation for Economic Co-operation and Development (OECD) and IRENA Public Finance Database, 2025, The international Renewable Energy Agency (IRENA)",EG_IFF_RANDN,404,TRT_MULTIPLE,CON_USD,2025-03-14T00:00:00,2023,3.99
2023,A,6,2022,"Commitments by recipient country, in million USD at 2022 prices and exchange rates (using donor country deflators). The aggregated figures only include the historical list of developing countries with a few modifications to account for the shifting nature of international public finance.","DAC Statistics database, 2025, The Organisation for Economic Co-operation and Development (OECD) and IRENA Public Finance Database, 2025, The international Renewable Energy Agency (IRENA)",EG_IFF_RANDN,404,TRT_MULTIPLE,CON_USD,2025-03-14T00:00:00,2023,14.88
2000,A,6,2022,"Commitments by recipient country, in million USD at 2022 prices and exchange rates (using donor country deflators). The aggregated figures only include the historical list of developing countries with a few modifications to account for the shifting nature of international public finance.","DAC Statistics database, 2025, The Organisation for Economic Co-operation and Development (OECD) and IRENA Public Finance Database, 2025, The international Renewable Energy Agency (IRENA)",EG_IFF_RANDN,404,TRT_SOLAR,CON_USD,2025-03-14T00:00:00,2023,0.01
2001,A,6,2022,"Commitments by recipient country, in million USD at 2022 prices and exchange rates (using donor country deflators). The aggregated figures only include the historical list of developing countries with a few modifications to account for the shifting nature of international public finance.","DAC Statistics database, 2025, The Organisation for Economic Co-operation and Development (OECD) and IRENA Public Finance Database, 2025, The international Renewable Energy Agency (IRENA)",EG_IFF_RANDN,404,TRT_SOLAR,CON_USD,2025-03-14T00:00:00,2023,0.0
2002,A,6,2022,"Commitments by recipient country, in million USD at 2022 prices and exchange rates (using donor country deflators). The aggregated figures only include the historical list of developing countries with a few modifications to account for the shifting nature of international public finance.","DAC Statistics database, 2025, The Organisation for Economic Co-operation and Development (OECD) and IRENA Public Finance Database, 2025, The international Renewable Energy Agency (IRENA)",EG_IFF_RANDN,404,TRT_SOLAR,CON_USD,2025-03-14T00:00:00,2023,0.0
2003,A,6,2022,"Commitments by recipient country, in million USD at 2022 prices and exchange rates (using donor country deflators). The aggregated figures only include the historical list of developing countries with a few modifications to account for the shifting nature of international public finance.","DAC Statistics database, 2025, The Organisation for Economic Co-operation and Development (OECD) and IRENA Public Finance Database, 2025, The international Renewable Energy Agency (IRENA)",EG_IFF_RANDN,404,TRT_SOLAR,CON_USD,2025-03-14T00:00:00,2023,0.33
2004,A,6,2022,"Commitments by recipient country, in million USD at 2022 prices and exchange rates (using donor country deflators). The aggregated figures only include the historical list of developing countries with a few modifications to account for the shifting nature of international public finance.","DAC Statistics database, 2025, The Organisation for Economic Co-operation and Development (OECD) and IRENA Public Finance Database, 2025, The international Renewable Energy Agency (IRENA)",EG_IFF_RANDN,404,TRT_SOLAR,CON_USD,2025-03-14T00:00:00,2023,0.0
2005,A,6,2022,"Commitments by recipient country, in million USD at 2022 prices and exchange rates (using donor country deflators). The aggregated figures only include the historical list of developing countries with a few modifications to account for the shifting nature of international public finance.","DAC Statistics database, 2025, The Organisation for Economic Co-operation and Development (OECD) and IRENA Public Finance Database, 2025, The international Renewable Energy Agency (IRENA)",EG_IFF_RANDN,404,TRT_SOLAR,CON_USD,2025-03-14T00:00:00,2023,0.0
2006,A,6,2022,"Commitments by recipient country, in million USD at 2022 prices and exchange rates (using donor country deflators). The aggregated figures only include the historical list of developing countries with a few modifications to account for the shifting nature of international public finance.","DAC Statistics database, 2025, The Organisation for Economic Co-operation and Development (OECD) and IRENA Public Finance Database, 2025, The international Renewable Energy Agency (IRENA)",EG_IFF_RANDN,404,TRT_SOLAR,CON_USD,2025-03-14T00:00:00,2023,0.0
2007,A,6,2022,"Commitments by recipient country, in million USD at 2022 prices and exchange rates (using donor country deflators). The aggregated figures only include the historical list of developing countries with a few modifications to account for the shifting nature of international public finance.","DAC Statistics database, 2025, The Organisation for Economic Co-operation and Development (OECD) and IRENA Public Finance Database, 2025, The international Renewable Energy Agency (IRENA)",EG_IFF_RANDN,404,TRT_SOLAR,CON_USD,2025-03-14T00:00:00,2023,0.3
2008,A,6,2022,"Commitments by recipient country, in million USD at 2022 prices and exchange rates (using donor country deflators). The aggregated figures only include the historical list of developing countries with a few modifications to account for the shifting nature of international public finance.","DAC Statistics database, 2025, The Organisation for Economic Co-operation and Development (OECD) and IRENA Public Finance Database, 2025, The international Renewable Energy Agency (IRENA)",EG_IFF_RANDN,404,TRT_SOLAR,CON_USD,2025-03-14T00:00:00,2023,0.0
2009,A,6,2022,"Commitments by recipient country, in million USD at 2022 prices and exchange rates (using donor country deflators). The aggregated figures only include the historical list of developing countries with a few modifications to account for the shifting nature of international public finance.","DAC Statistics database, 2025, The Organisation for Economic Co-operation and Development (OECD) and IRENA Public Finance Database, 2025, The international Renewable Energy Agency (IRENA)",EG_IFF_RANDN,404,TRT_SOLAR,CON_USD,2025-03-14T00:00:00,2023,0.09
2010,A,6,2022,"Commitments by recipient country, in million USD at 2022 prices and exchange rates (using donor country deflators). The aggregated figures only include the historical list of developing countries with a few modifications to account for the shifting nature of international public finance.","DAC Statistics database, 2025, The Organisation for Economic Co-operation and Development (OECD) and IRENA Public Finance Database, 2025, The international Renewable Energy Agency (IRENA)",EG_IFF_RANDN,404,TRT_SOLAR,CON_USD,2025-03-14T00:00:00,2023,0.9
2011,A,6,2022,"Commitments by recipient country, in million USD at 2022 prices and exchange rates (using donor country deflators). The aggregated figures only include the historical list of developing countries with a few modifications to account for the shifting nature of international public finance.","DAC Statistics database, 2025, The Organisation for Economic Co-operation and Development (OECD) and IRENA Public Finance Database, 2025, The international Renewable Energy Agency (IRENA)",EG_IFF_RANDN,404,TRT_SOLAR,CON_USD,2025-03-14T00:00:00,2023,0.0
2012,A,6,2022,"Commitments by recipient country, in million USD at 2022 prices and exchange rates (using donor country deflators). The aggregated figures only include the historical list of developing countries with a few modifications to account for the shifting nature of international public finance.","DAC Statistics database, 2025, The Organisation for Economic Co-operation and Development (OECD) and IRENA Public Finance Database, 2025, The international Renewable Energy Agency (IRENA)",EG_IFF_RANDN,404,TRT_SOLAR,CON_USD,2025-03-14T00:00:00,2023,132.09
2013,A,6,2022,"Commitments by recipient country, in million USD at 2022 prices and exchange rates (using donor country deflators). The aggregated figures only include the historical list of developing countries with a few modifications to account for the shifting nature of international public finance.","DAC Statistics database, 2025, The Organisation for Economic Co-operation and Development (OECD) and IRENA Public Finance Database, 2025, The international Renewable Energy Agency (IRENA)",EG_IFF_RANDN,404,TRT_SOLAR,CON_USD,2025-03-14T00:00:00,2023,0.22
2014,A,6,2022,"Commitments by recipient country, in million USD at 2022 prices and exchange rates (using donor country deflators). The aggregated figures only include the historical list of developing countries with a few modifications to account for the shifting nature of international public finance.","DAC Statistics database, 2025, The Organisation for Economic Co-operation and Development (OECD) and IRENA Public Finance Database, 2025, The international Renewable Energy Agency (IRENA)",EG_IFF_RANDN,404,TRT_SOLAR,CON_USD,2025-03-14T00:00:00,2023,0.08
2015,A,6,2022,"Commitments by recipient country, in million USD at 2022 prices and exchange rates (using donor country deflators). The aggregated figures only include the historical list of developing countries with a few modifications to account for the shifting nature of international public finance.","DAC Statistics database, 2025, The Organisation for Economic Co-operation and Development (OECD) and IRENA Public Finance Database, 2025, The international Renewable Energy Agency (IRENA)",EG_IFF_RANDN,404,TRT_SOLAR,CON_USD,2025-03-14T00:00:00,2023,161.21
2016,A,6,2022,"Commitments by recipient country, in million USD at 2022 prices and exchange rates (using donor country deflators). The aggregated figures only include the historical list of developing countries with a few modifications to account for the shifting nature of international public finance.","DAC Statistics database, 2025, The Organisation for Economic Co-operation and Development (OECD) and IRENA Public Finance Database, 2025, The international Renewable Energy Agency (IRENA)",EG_IFF_RANDN,404,TRT_SOLAR,CON_USD,2025-03-14T00:00:00,2023,214.04
2017,A,6,2022,"Commitments by recipient country, in million USD at 2022 prices and exchange rates (using donor country deflators). The aggregated figures only include the historical list of developing countries with a few modifications to account for the shifting nature of international public finance.","DAC Statistics database, 2025, The Organisation for Economic Co-operation and Development (OECD) and IRENA Public Finance Database, 2025, The international Renewable Energy Agency (IRENA)",EG_IFF_RANDN,404,TRT_SOLAR,CON_USD,2025-03-14T00:00:00,2023,91.38
2018,A,6,2022,"Commitments by recipient country, in million USD at 2022 prices and exchange rates (using donor country deflators). The aggregated figures only include the historical list of developing countries with a few modifications to account for the shifting nature of international public finance.","DAC Statistics database, 2025, The Organisation for Economic Co-operation and Development (OECD) and IRENA Public Finance Database, 2025, The international Renewable Energy Agency (IRENA)",EG_IFF_RANDN,404,TRT_SOLAR,CON_USD,2025-03-14T00:00:00,2023,71.66
2019,A,6,2022,"Commitments by recipient country, in million USD at 2022 prices and exchange rates (using donor country deflators). The aggregated figures only include the historical list of developing countries with a few modifications to account for the shifting nature of international public finance.","DAC Statistics database, 2025, The Organisation for Economic Co-operation and Development (OECD) and IRENA Public Finance Database, 2025, The international Renewable Energy Agency (IRENA)",EG_IFF_RANDN,404,TRT_SOLAR,CON_USD,2025-03-14T00:00:00,2023,158.92
2020,A,6,2022,"Commitments by recipient country, in million USD at 2022 prices and exchange rates (using donor country deflators). The aggregated figures only include the historical list of developing countries with a few modifications to account for the shifting nature of international public finance.","DAC Statistics database, 2025, The Organisation for Economic Co-operation and Development (OECD) and IRENA Public Finance Database, 2025, The international Renewable Energy Agency (IRENA)",EG_IFF_RANDN,404,TRT_SOLAR,CON_USD,2025-03-14T00:00:00,2023,36.16
2021,A,6,2022,"Commitments by recipient country, in million USD at 2022 prices and exchange rates (using donor country deflators). The aggregated figures only include the historical list of developing countries with a few modifications to account for the shifting nature of international public finance.","DAC Statistics database, 2025, The Organisation for Economic Co-operation and Development (OECD) and IRENA Public Finance Database, 2025, The international Renewable Energy Agency (IRENA)",EG_IFF_RANDN,404,TRT_SOLAR,CON_USD,2025-03-14T00:00:00,2023,17.73
2022,A,6,2022,"Commitments by recipient country, in million USD at 2022 prices and exchange rates (using donor country deflators). The aggregated figures only include the historical list of developing countries with a few modifications to account for the shifting nature of international public finance.","DAC Statistics database, 2025, The Organisation for Economic Co-operation and Development (OECD) and IRENA Public Finance Database, 2025, The international Renewable Energy Agency (IRENA)",EG_IFF_RANDN,404,TRT_SOLAR,CON_USD,2025-03-14T00:00:00,2023,118.15
2023,A,6,2022,"Commitments by recipient country, in million USD at 2022 prices and exchange rates (using donor country deflators). The aggregated figures only include the historical list of developing countries with a few modifications to account for the shifting nature of international public finance.","DAC Statistics database, 2025, The Organisation for Economic Co-operation and Development (OECD) and IRENA Public Finance Database, 2025, The international Renewable Energy Agency (IRENA)",EG_IFF_RANDN,404,TRT_SOLAR,CON_USD,2025-03-14T00:00:00,2023,98.6
2000,A,6,2022,"Commitments by recipient country, in million USD at 2022 prices and exchange rates (using donor country deflators). The aggregated figures only include the historical list of developing countries with a few modifications to account for the shifting nature of international public finance.","DAC Statistics database, 2025, The Organisation for Economic Co-operation and Development (OECD) and IRENA Public Finance Database, 2025, The international Renewable Energy Agency (IRENA)",EG_IFF_RANDN,404,TRT_WIND,CON_USD,2025-03-14T00:00:00,2023,0.0
2001,A,6,2022,"Commitments by recipient country, in million USD at 2022 prices and exchange rates (using donor country deflators). The aggregated figures only include the historical list of developing countries with a few modifications to account for the shifting nature of international public finance.","DAC Statistics database, 2025, The Organisation for Economic Co-operation and Development (OECD) and IRENA Public Finance Database, 2025, The international Renewable Energy Agency (IRENA)",EG_IFF_RANDN,404,TRT_WIND,CON_USD,2025-03-14T00:00:00,2023,0.0
2002,A,6,2022,"Commitments by recipient country, in million USD at 2022 prices and exchange rates (using donor country deflators). The aggregated figures only include the historical list of developing countries with a few modifications to account for the shifting nature of international public finance.","DAC Statistics database, 2025, The Organisation for Economic Co-operation and Development (OECD) and IRENA Public Finance Database, 2025, The international Renewable Energy Agency (IRENA)",EG_IFF_RANDN,404,TRT_WIND,CON_USD,2025-03-14T00:00:00,2023,0.0
2003,A,6,2022,"Commitments by recipient country, in million USD at 2022 prices and exchange rates (using donor country deflators). The aggregated figures only include the historical list of developing countries with a few modifications to account for the shifting nature of international public finance.","DAC Statistics database, 2025, The Organisation for Economic Co-operation and Development (OECD) and IRENA Public Finance Database, 2025, The international Renewable Energy Agency (IRENA)",EG_IFF_RANDN,404,TRT_WIND,CON_USD,2025-03-14T00:00:00,2023,0.0
2004,A,6,2022,"Commitments by recipient country, in million USD at 2022 prices and exchange rates (using donor country deflators). The aggregated figures only include the historical list of developing countries with a few modifications to account for the shifting nature of international public finance.","DAC Statistics database, 2025, The Organisation for Economic Co-operation and Development (OECD) and IRENA Public Finance Database, 2025, The international Renewable Energy Agency (IRENA)",EG_IFF_RANDN,404,TRT_WIND,CON_USD,2025-03-14T00:00:00,2023,0.03
2005,A,6,2022,"Commitments by recipient country, in million USD at 2022 prices and exchange rates (using donor country deflators). The aggregated figures only include the historical list of developing countries with a few modifications to account for the shifting nature of international public finance.","DAC Statistics database, 2025, The Organisation for Economic Co-operation and Development (OECD) and IRENA Public Finance Database, 2025, The international Renewable Energy Agency (IRENA)",EG_IFF_RANDN,404,TRT_WIND,CON_USD,2025-03-14T00:00:00,2023,0.11
2006,A,6,2022,"Commitments by recipient country, in million USD at 2022 prices and exchange rates (using donor country deflators). The aggregated figures only include the historical list of developing countries with a few modifications to account for the shifting nature of international public finance.","DAC Statistics database, 2025, The Organisation for Economic Co-operation and Development (OECD) and IRENA Public Finance Database, 2025, The international Renewable Energy Agency (IRENA)",EG_IFF_RANDN,404,TRT_WIND,CON_USD,2025-03-14T00:00:00,2023,0.0
2007,A,6,2022,"Commitments by recipient country, in million USD at 2022 prices and exchange rates (using donor country deflators). The aggregated figures only include the historical list of developing countries with a few modifications to account for the shifting nature of international public finance.","DAC Statistics database, 2025, The Organisation for Economic Co-operation and Development (OECD) and IRENA Public Finance Database, 2025, The international Renewable Energy Agency (IRENA)",EG_IFF_RANDN,404,TRT_WIND,CON_USD,2025-03-14T00:00:00,2023,0.0
2008,A,6,2022,"Commitments by recipient country, in million USD at 2022 prices and exchange rates (using donor country deflators). The aggregated figures only include the historical list of developing countries with a few modifications to account for the shifting nature of international public finance.","DAC Statistics database, 2025, The Organisation for Economic Co-operation and Development (OECD) and IRENA Public Finance Database, 2025, The international Renewable Energy Agency (IRENA)",EG_IFF_RANDN,404,TRT_WIND,CON_USD,2025-03-14T00:00:00,2023,0.0
2009,A,6,2022,"Commitments by recipient country, in million USD at 2022 prices and exchange rates (using donor country deflators). The aggregated figures only include the historical list of developing countries with a few modifications to account for the shifting nature of international public finance.","DAC Statistics database, 2025, The Organisation for Economic Co-operation and Development (OECD) and IRENA Public Finance Database, 2025, The international Renewable Energy Agency (IRENA)",EG_IFF_RANDN,404,TRT_WIND,CON_USD,2025-03-14T00:00:00,2023,8.34
2010,A,6,2022,"Commitments by recipient country, in million USD at 2022 prices and exchange rates (using donor country deflators). The aggregated figures only include the historical list of developing countries with a few modifications to account for the shifting nature of international public finance.","DAC Statistics database, 2025, The Organisation for Economic Co-operation and Development (OECD) and IRENA Public Finance Database, 2025, The international Renewable Energy Agency (IRENA)",EG_IFF_RANDN,404,TRT_WIND,CON_USD,2025-03-14T00:00:00,2023,0.0
2011,A,6,2022,"Commitments by recipient country, in million USD at 2022 prices and exchange rates (using donor country deflators). The aggregated figures only include the historical list of developing countries with a few modifications to account for the shifting nature of international public finance.","DAC Statistics database, 2025, The Organisation for Economic Co-operation and Development (OECD) and IRENA Public Finance Database, 2025, The international Renewable Energy Agency (IRENA)",EG_IFF_RANDN,404,TRT_WIND,CON_USD,2025-03-14T00:00:00,2023,2.12
2012,A,6,2022,"Commitments by recipient country, in million USD at 2022 prices and exchange rates (using donor country deflators). The aggregated figures only include the historical list of developing countries with a few modifications to account for the shifting nature of international public finance.","DAC Statistics database, 2025, The Organisation for Economic Co-operation and Development (OECD) and IRENA Public Finance Database, 2025, The international Renewable Energy Agency (IRENA)",EG_IFF_RANDN,404,TRT_WIND,CON_USD,2025-03-14T00:00:00,2023,17.08
2013,A,6,2022,"Commitments by recipient country, in million USD at 2022 prices and exchange rates (using donor country deflators). The aggregated figures only include the historical list of developing countries with a few modifications to account for the shifting nature of international public finance.","DAC Statistics database, 2025, The Organisation for Economic Co-operation and Development (OECD) and IRENA Public Finance Database, 2025, The international Renewable Energy Agency (IRENA)",EG_IFF_RANDN,404,TRT_WIND,CON_USD,2025-03-14T00:00:00,2023,4.98
2014,A,6,2022,"Commitments by recipient country, in million USD at 2022 prices and exchange rates (using donor country deflators). The aggregated figures only include the historical list of developing countries with a few modifications to account for the shifting nature of international public finance.","DAC Statistics database, 2025, The Organisation for Economic Co-operation and Development (OECD) and IRENA Public Finance Database, 2025, The international Renewable Energy Agency (IRENA)",EG_IFF_RANDN,404,TRT_WIND,CON_USD,2025-03-14T00:00:00,2023,787.74
2015,A,6,2022,"Commitments by recipient country, in million USD at 2022 prices and exchange rates (using donor country deflators). The aggregated figures only include the historical list of developing countries with a few modifications to account for the shifting nature of international public finance.","DAC Statistics database, 2025, The Organisation for Economic Co-operation and Development (OECD) and IRENA Public Finance Database, 2025, The international Renewable Energy Agency (IRENA)",EG_IFF_RANDN,404,TRT_WIND,CON_USD,2025-03-14T00:00:00,2023,2.2
2016,A,6,2022,"Commitments by recipient country, in million USD at 2022 prices and exchange rates (using donor country deflators). The aggregated figures only include the historical list of developing countries with a few modifications to account for the shifting nature of international public finance.","DAC Statistics database, 2025, The Organisation for Economic Co-operation and Development (OECD) and IRENA Public Finance Database, 2025, The international Renewable Energy Agency (IRENA)",EG_IFF_RANDN,404,TRT_WIND,CON_USD,2025-03-14T00:00:00,2023,15.81
2017,A,6,2022,"Commitments by recipient country, in million USD at 2022 prices and exchange rates (using donor country deflators). The aggregated figures only include the historical list of developing countries with a few modifications to account for the shifting nature of international public finance.","DAC Statistics database, 2025, The Organisation for Economic Co-operation and Development (OECD) and IRENA Public Finance Database, 2025, The international Renewable Energy Agency (IRENA)",EG_IFF_RANDN,404,TRT_WIND,CON_USD,2025-03-14T00:00:00,2023,14.2
2018,A,6,2022,"Commitments by recipient country, in million USD at 2022 prices and exchange rates (using donor country deflators). The aggregated figures only include the historical list of developing countries with a few modifications to account for the shifting nature of international public finance.","DAC Statistics database, 2025, The Organisation for Economic Co-operation and Development (OECD) and IRENA Public Finance Database, 2025, The international Renewable Energy Agency (IRENA)",EG_IFF_RANDN,404,TRT_WIND,CON_USD,2025-03-14T00:00:00,2023,57.66
2019,A,6,2022,"Commitments by recipient country, in million USD at 2022 prices and exchange rates (using donor country deflators). The aggregated figures only include the historical list of developing countries with a few modifications to account for the shifting nature of international public finance.","DAC Statistics database, 2025, The Organisation for Economic Co-operation and Development (OECD) and IRENA Public Finance Database, 2025, The international Renewable Energy Agency (IRENA)",EG_IFF_RANDN,404,TRT_WIND,CON_USD,2025-03-14T00:00:00,2023,0.04
2020,A,6,2022,"Commitments by recipient country, in million USD at 2022 prices and exchange rates (using donor country deflators). The aggregated figures only include the historical list of developing countries with a few modifications to account for the shifting nature of international public finance.","DAC Statistics database, 2025, The Organisation for Economic Co-operation and Development (OECD) and IRENA Public Finance Database, 2025, The international Renewable Energy Agency (IRENA)",EG_IFF_RANDN,404,TRT_WIND,CON_USD,2025-03-14T00:00:00,2023,0.0
2021,A,6,2022,"Commitments by recipient country, in million USD at 2022 prices and exchange rates (using donor country deflators). The aggregated figures only include the historical list of developing countries with a few modifications to account for the shifting nature of international public finance.","DAC Statistics database, 2025, The Organisation for Economic Co-operation and Development (OECD) and IRENA Public Finance Database, 2025, The international Renewable Energy Agency (IRENA)",EG_IFF_RANDN,404,TRT_WIND,CON_USD,2025-03-14T00:00:00,2023,0.03
2022,A,6,2022,"Commitments by recipient country, in million USD at 2022 prices and exchange rates (using donor country deflators). The aggregated figures only include the historical list of developing countries with a few modifications to account for the shifting nature of international public finance.","DAC Statistics database, 2025, The Organisation for Economic Co-operation and Development (OECD) and IRENA Public Finance Database, 2025, The international Renewable Energy Agency (IRENA)",EG_IFF_RANDN,404,TRT_WIND,CON_USD,2025-03-14T00:00:00,2023,0.25
2023,A,6,2022,"Commitments by recipient country, in million USD at 2022 prices and exchange rates (using donor country deflators). The aggregated figures only include the historical list of developing countries with a few modifications to account for the shifting nature of international public finance.","DAC Statistics database, 2025, The Organisation for Economic Co-operation and Development (OECD) and IRENA Public Finance Database, 2025, The international Renewable Energy Agency (IRENA)",EG_IFF_RANDN,404,TRT_WIND,CON_USD,2025-03-14T00:00:00,2023,0.0
